{"cameraMode":{"drawMode":0,"name":"Shaded","section":"Shading Mode"},"sceneLighting":true,"audioPlay":false,"sceneViewState":{"showFog":true,"showMaterialUpdate":false,"showSkybox":true,"showFlares":true,"showImageEffects":true,"showParticleSystems":true},"in2DMode":false,"pivot":{"x":-0.42168235778808596,"y":3.9201061725616457,"z":-1.014693260192871},"rotation":{"x":-0.00937300268560648,"y":0.9314016103744507,"z":-0.024044446647167207,"w":-0.36307820677757265},"size":10.0,"orthographic":false}